학번,이름,학교,국어,수학,영어,탐구1,탐구2
2010620101,Steven,Cheonan Ssangyong High School,77,40,82,31,2
2010620102,Jamie,Cheonan Ssangyong High School,41,9,87,14,30
2010620103,Jamie,Cheonan Girl's High School,33,88,79,26,13
2010620104,Fernando,Cheonan Girl's High School,16,30,10,47,25
2010620105,Steven,Cheonan Girl's High School,11,32,44,22,8
2010620106,Steven,Cheonan Girl's High School,2,10,68,4,7
2010620107,Stephen,Cheonan High School,97,93,87,24,15
2010620108,Steven,Cheonan Ssangyong High School,45,54,16,42,44
2010620109,Wendy,Cheonan Cheongsu High School,20,90,57,15,8
2010620110,Steven,Cheonan Girl's High School,65,78,8,42,12
2010620111,Iris,Cheonan High School,46,68,24,24,4
2010620112,Stephen,Cheonan Ssangyong High School,68,90,97,13,8
2010620113,Steven,Cheonan Ssangyong High School,83,21,68,35,5
2010620114,Steven,Cheonan High School,37,2,67,48,28
2010620115,Wendy,Cheonan Cheongsu High School,19,59,6,19,3
2010620116,Mike,Cheonan High School,26,35,40,31,38
2010620117,Jamie,Cheonan High School,99,2,15,48,42
2010620118,Iris,Cheonan Cheongsu High School,98,75,48,12,38
2010620119,Iris,Cheonan Cheongsu High School,15,5,96,47,40
2010620120,Jamie,Cheonan Cheongsu High School,45,45,0,22,0
2010620121,Iris,Cheonan Ssangyong High School,71,15,43,1,7
2010620122,Stephen,Cheonan Cheongsu High School,95,97,3,20,47
2010620123,Steven,Cheonan High School,21,72,99,16,2
2010620124,Steven,Cheonan Ssangyong High School,53,69,1,36,16
2010620125,Iris,Cheonan Ssangyong High School,61,69,19,4,8
2010620126,Wendy,Cheonan High School,71,36,68,13,30
2010620127,Jamie,Cheonan Girl's High School,58,15,97,36,38
2010620128,Wendy,Cheonan Cheongsu High School,77,74,79,3,19
2010620129,Iris,Cheonan Ssangyong High School,36,79,67,38,45
2010620130,Fernando,Cheonan Ssangyong High School,82,29,5,43,24
2010620131,Steven,Cheonan Cheongsu High School,79,13,61,46,43
2010620132,Steven,Cheonan Girl's High School,65,46,79,28,17
2010620133,Fernando,Cheonan High School,87,61,22,44,38
2010620134,Stephen,Cheonan Ssangyong High School,86,53,33,36,3
2010620135,Fernando,Cheonan Ssangyong High School,66,75,81,22,28
2010620136,Fernando,Cheonan Cheongsu High School,99,31,31,32,30
2010620137,Jamie,Cheonan Cheongsu High School,52,22,89,45,6
2010620138,Mike,Cheonan Cheongsu High School,18,88,92,47,31
2010620139,Mike,Cheonan Girl's High School,47,14,25,10,33
2010620140,Jamie,Cheonan Cheongsu High School,84,41,66,27,1
2010620141,Wendy,Cheonan Cheongsu High School,28,88,25,3,44
2010620142,Fernando,Cheonan Cheongsu High School,35,59,98,4,8
2010620143,Fernando,Cheonan Ssangyong High School,41,33,15,24,14
2010620144,Jamie,Cheonan Cheongsu High School,62,20,84,18,1
2010620145,Mike,Cheonan Girl's High School,69,10,28,28,6
2010620146,Mike,Cheonan Ssangyong High School,33,71,12,1,23
2010620147,Fernando,Cheonan Girl's High School,59,52,91,19,44
2010620148,Mike,Cheonan Ssangyong High School,27,19,14,22,5
2010620149,Wendy,Cheonan Ssangyong High School,5,13,2,46,47
2010620150,Jamie,Cheonan Ssangyong High School,77,20,78,42,10
2010620151,Fernando,Cheonan Cheongsu High School,16,79,6,16,38
2010620152,Jamie,Cheonan Cheongsu High School,20,16,65,12,49
2010620153,Stephen,Cheonan Girl's High School,79,2,60,11,1
2010620154,Steven,Cheonan Ssangyong High School,37,1,57,44,37
2010620155,Jamie,Cheonan Girl's High School,62,47,98,19,39
2010620156,Iris,Cheonan Cheongsu High School,7,62,2,14,20
2010620157,Mike,Cheonan High School,18,58,84,27,24
2010620158,Jamie,Cheonan Cheongsu High School,17,86,69,41,10
2010620159,Iris,Cheonan Ssangyong High School,37,13,9,25,2
2010620160,Stephen,Cheonan Cheongsu High School,12,35,59,36,43
2010620161,Wendy,Cheonan Cheongsu High School,45,89,7,33,3
2010620162,Fernando,Cheonan High School,47,49,65,40,29
2010620163,Stephen,Cheonan Ssangyong High School,53,28,76,25,39
2010620164,Fernando,Cheonan Girl's High School,41,12,74,6,19
2010620165,Mike,Cheonan Ssangyong High School,5,5,1,0,25
2010620166,Iris,Cheonan Ssangyong High School,41,17,0,45,37
2010620167,Mike,Cheonan High School,65,9,0,21,18
2010620168,Jamie,Cheonan High School,37,5,72,17,1
2010620169,Jamie,Cheonan High School,40,20,69,26,9
2010620170,Wendy,Cheonan High School,49,14,43,47,27
2010620171,Fernando,Cheonan Girl's High School,16,42,14,17,19
2010620172,Jamie,Cheonan Cheongsu High School,22,45,53,42,49
2010620173,Fernando,Cheonan High School,50,46,90,24,48
2010620174,Wendy,Cheonan Ssangyong High School,19,63,92,26,11
2010620175,Iris,Cheonan Cheongsu High School,10,34,65,42,27
2010620176,Fernando,Cheonan Ssangyong High School,12,1,16,14,35
2010620177,Mike,Cheonan Cheongsu High School,12,20,30,19,40
2010620178,Wendy,Cheonan Cheongsu High School,17,45,84,20,22
2010620179,Steven,Cheonan High School,24,61,53,8,47
2010620180,Fernando,Cheonan Ssangyong High School,44,46,94,8,0
2010620181,Stephen,Cheonan Cheongsu High School,56,47,14,25,37
2010620182,Stephen,Cheonan Ssangyong High School,7,91,17,30,45
2010620183,Iris,Cheonan Ssangyong High School,19,56,5,41,37
2010620184,Mike,Cheonan Cheongsu High School,80,82,72,50,33
2010620185,Wendy,Cheonan Girl's High School,17,26,93,29,2
2010620186,Mike,Cheonan Girl's High School,43,14,29,12,3
2010620187,Wendy,Cheonan Girl's High School,0,17,41,6,24
2010620188,Steven,Cheonan Ssangyong High School,48,65,66,30,36
2010620189,Steven,Cheonan High School,56,62,98,10,46
2010620190,Wendy,Cheonan Cheongsu High School,70,35,54,39,34
2010620191,Stephen,Cheonan Ssangyong High School,24,21,34,10,30
2010620192,Steven,Cheonan Ssangyong High School,96,92,14,25,12
2010620193,Fernando,Cheonan High School,0,90,6,18,31
2010620194,Mike,Cheonan Ssangyong High School,10,94,79,17,39
2010620195,Stephen,Cheonan Girl's High School,13,60,86,2,23
2010620196,Iris,Cheonan High School,92,24,9,45,27
2010620197,Mike,Cheonan Cheongsu High School,25,52,6,3,29
2010620198,Wendy,Cheonan Cheongsu High School,11,2,30,9,26
2010620199,Iris,Cheonan High School,66,22,20,34,38
2010620200,Stephen,Cheonan High School,8,0,3,6,49
2010620201,Jamie,Cheonan Cheongsu High School,86,33,59,30,16
2010620202,Jamie,Cheonan Cheongsu High School,25,29,59,34,26
2010620203,Mike,Cheonan Ssangyong High School,99,31,20,16,19
2010620204,Jamie,Cheonan Cheongsu High School,45,55,68,48,21
2010620205,Wendy,Cheonan Girl's High School,79,38,32,14,3
2010620206,Steven,Cheonan Ssangyong High School,13,95,74,14,13
2010620207,Iris,Cheonan Cheongsu High School,58,82,53,26,48
2010620208,Fernando,Cheonan High School,25,93,86,39,2
2010620209,Wendy,Cheonan Girl's High School,87,98,34,49,10
2010620210,Fernando,Cheonan High School,17,35,65,15,21
2010620211,Jamie,Cheonan Girl's High School,31,81,22,18,10
2010620212,Stephen,Cheonan Cheongsu High School,17,10,41,30,25
2010620213,Jamie,Cheonan High School,22,98,24,14,35
2010620214,Stephen,Cheonan Ssangyong High School,33,83,58,12,5
2010620215,Steven,Cheonan Ssangyong High School,42,65,52,4,34
2010620216,Mike,Cheonan Ssangyong High School,36,78,58,43,33
2010620217,Steven,Cheonan Cheongsu High School,2,54,20,35,30
2010620218,Fernando,Cheonan Cheongsu High School,40,70,77,43,46
2010620219,Fernando,Cheonan High School,75,52,85,4,48
2010620220,Mike,Cheonan Cheongsu High School,90,57,65,12,28
2010620221,Fernando,Cheonan Ssangyong High School,14,27,45,14,14
2010620222,Jamie,Cheonan Girl's High School,58,63,67,25,8
2010620223,Steven,Cheonan Girl's High School,57,56,3,31,49
2010620224,Steven,Cheonan Cheongsu High School,55,41,26,37,38
2010620225,Stephen,Cheonan Girl's High School,21,24,68,38,31
2010620226,Stephen,Cheonan Cheongsu High School,49,2,28,25,26
2010620227,Iris,Cheonan Ssangyong High School,35,80,80,20,7
2010620228,Fernando,Cheonan Girl's High School,74,78,26,42,39
2010620229,Wendy,Cheonan Ssangyong High School,78,80,76,23,40
2010620230,Jamie,Cheonan Ssangyong High School,61,96,34,31,10
2010620231,Wendy,Cheonan High School,93,74,44,29,34
2010620232,Stephen,Cheonan Cheongsu High School,71,59,72,33,34
2010620233,Iris,Cheonan Girl's High School,65,5,73,27,42
2010620234,Iris,Cheonan Cheongsu High School,18,72,17,16,10
2010620235,Iris,Cheonan Girl's High School,84,17,55,3,17
2010620236,Steven,Cheonan High School,98,29,35,2,7
2010620237,Fernando,Cheonan High School,59,57,43,40,10
2010620238,Iris,Cheonan Cheongsu High School,14,26,32,38,32
2010620239,Stephen,Cheonan Ssangyong High School,61,68,63,15,35
2010620240,Mike,Cheonan Girl's High School,0,53,26,39,10
2010620241,Jamie,Cheonan Cheongsu High School,92,80,91,27,38
2010620242,Stephen,Cheonan Cheongsu High School,27,87,11,20,25
2010620243,Steven,Cheonan Girl's High School,0,27,41,32,38
2010620244,Steven,Cheonan Ssangyong High School,18,25,97,35,48
2010620245,Iris,Cheonan Girl's High School,49,79,85,3,17
2010620246,Jamie,Cheonan Ssangyong High School,74,72,13,12,36
2010620247,Jamie,Cheonan Ssangyong High School,96,79,40,25,27
2010620248,Fernando,Cheonan Girl's High School,96,2,99,37,33
2010620249,Fernando,Cheonan High School,74,42,47,9,26
2010620250,Steven,Cheonan Ssangyong High School,42,40,67,47,44
2010620251,Wendy,Cheonan Ssangyong High School,97,56,98,37,7
2010620252,Steven,Cheonan Ssangyong High School,71,33,93,39,30
2010620253,Jamie,Cheonan Cheongsu High School,22,7,81,5,29
2010620254,Wendy,Cheonan Cheongsu High School,25,25,63,22,29
2010620255,Mike,Cheonan Ssangyong High School,56,14,21,41,26
2010620256,Wendy,Cheonan Cheongsu High School,64,32,54,28,27
2010620257,Stephen,Cheonan High School,57,62,73,12,6
2010620258,Wendy,Cheonan Cheongsu High School,21,35,79,34,20
2010620259,Iris,Cheonan Cheongsu High School,15,2,99,37,21
2010620260,Iris,Cheonan Ssangyong High School,69,57,34,37,30
2010620261,Fernando,Cheonan Cheongsu High School,10,35,35,31,46
2010620262,Steven,Cheonan Girl's High School,47,15,26,14,11
2010620263,Steven,Cheonan Ssangyong High School,15,68,47,48,30
2010620264,Mike,Cheonan Cheongsu High School,69,24,41,48,2
2010620265,Wendy,Cheonan High School,89,99,13,50,30
2010620266,Steven,Cheonan Girl's High School,47,20,48,14,44
2010620267,Stephen,Cheonan High School,13,86,96,2,35
2010620268,Iris,Cheonan Cheongsu High School,37,23,16,38,36
2010620269,Mike,Cheonan Cheongsu High School,45,63,7,20,2
2010620270,Fernando,Cheonan High School,100,88,36,50,11
2010620271,Fernando,Cheonan Ssangyong High School,11,30,75,47,14
2010620272,Fernando,Cheonan Girl's High School,26,38,29,48,30
2010620273,Steven,Cheonan Ssangyong High School,79,7,36,19,8
2010620274,Iris,Cheonan Girl's High School,10,59,10,2,18
2010620275,Fernando,Cheonan High School,5,42,100,7,28
2010620276,Jamie,Cheonan High School,67,67,9,41,6
2010620277,Stephen,Cheonan Cheongsu High School,26,28,89,50,10
2010620278,Mike,Cheonan High School,34,68,45,42,27
2010620279,Fernando,Cheonan Cheongsu High School,85,14,83,46,18
2010620280,Jamie,Cheonan Cheongsu High School,4,46,11,35,29
2010620281,Jamie,Cheonan Ssangyong High School,94,91,62,14,23
2010620282,Iris,Cheonan Cheongsu High School,1,49,12,11,48
2010620283,Stephen,Cheonan Ssangyong High School,14,79,6,22,33
2010620284,Fernando,Cheonan Cheongsu High School,2,91,19,26,31
2010620285,Stephen,Cheonan Girl's High School,100,66,46,8,1
2010620286,Iris,Cheonan Ssangyong High School,17,96,90,30,50
2010620287,Mike,Cheonan Girl's High School,48,50,7,16,32
2010620288,Iris,Cheonan Cheongsu High School,18,45,62,45,39
2010620289,Mike,Cheonan Girl's High School,93,85,32,7,0
2010620290,Iris,Cheonan Cheongsu High School,26,62,62,18,3
2010620291,Fernando,Cheonan Cheongsu High School,77,46,72,45,0
2010620292,Steven,Cheonan High School,70,66,50,21,30
2010620293,Iris,Cheonan Ssangyong High School,56,79,96,44,27
2010620294,Jamie,Cheonan Cheongsu High School,17,20,63,47,2
2010620295,Wendy,Cheonan Ssangyong High School,66,77,95,46,37
2010620296,Wendy,Cheonan Ssangyong High School,96,70,44,30,26
2010620297,Jamie,Cheonan Girl's High School,56,90,33,45,44
2010620298,Stephen,Cheonan Girl's High School,61,7,31,49,43
2010620299,Fernando,Cheonan Ssangyong High School,38,14,47,17,36
2010620300,Iris,Cheonan Cheongsu High School,79,71,30,50,9
2010620301,Fernando,Cheonan Girl's High School,68,12,37,49,20
2010620302,Fernando,Cheonan Cheongsu High School,65,97,73,47,15
2010620303,Iris,Cheonan Cheongsu High School,57,30,11,34,43
2010620304,Iris,Cheonan Cheongsu High School,25,43,8,11,42
2010620305,Steven,Cheonan Cheongsu High School,13,80,51,43,37
2010620306,Fernando,Cheonan Girl's High School,46,63,24,6,22
2010620307,Fernando,Cheonan High School,80,83,64,11,15
2010620308,Iris,Cheonan Ssangyong High School,21,90,2,27,46
2010620309,Jamie,Cheonan Ssangyong High School,88,38,51,32,41
2010620310,Mike,Cheonan Ssangyong High School,68,70,19,13,15
2010620311,Stephen,Cheonan High School,31,82,20,49,28
2010620312,Jamie,Cheonan Cheongsu High School,8,47,28,28,27
2010620313,Mike,Cheonan Girl's High School,55,72,4,1,6
2010620314,Jamie,Cheonan Cheongsu High School,39,7,4,12,44
2010620315,Stephen,Cheonan Ssangyong High School,77,95,15,47,13
2010620316,Mike,Cheonan Ssangyong High School,57,79,10,16,2
2010620317,Iris,Cheonan High School,81,79,86,23,45
2010620318,Iris,Cheonan Ssangyong High School,99,91,52,37,17
2010620319,Stephen,Cheonan Girl's High School,41,94,4,4,47
2010620320,Stephen,Cheonan Girl's High School,45,9,47,10,36
2010620321,Stephen,Cheonan Ssangyong High School,79,58,6,43,9
2010620322,Iris,Cheonan High School,1,55,63,33,50
2010620323,Steven,Cheonan Ssangyong High School,19,96,29,36,33
2010620324,Fernando,Cheonan Cheongsu High School,72,73,67,40,26
2010620325,Iris,Cheonan Cheongsu High School,49,36,59,11,5
2010620326,Fernando,Cheonan Ssangyong High School,94,45,56,9,8
2010620327,Stephen,Cheonan Ssangyong High School,60,43,29,12,6
2010620328,Mike,Cheonan Girl's High School,7,23,89,3,5
2010620329,Iris,Cheonan Cheongsu High School,50,25,92,42,28
2010620330,Iris,Cheonan Cheongsu High School,92,69,61,10,13
2010620331,Mike,Cheonan Ssangyong High School,8,75,81,46,37
2010620332,Mike,Cheonan High School,51,39,29,14,18
2010620333,Steven,Cheonan Cheongsu High School,82,25,74,20,7
2010620334,Wendy,Cheonan High School,21,73,3,41,31
2010620335,Fernando,Cheonan High School,50,97,87,46,21
2010620336,Stephen,Cheonan High School,63,18,1,42,15
2010620337,Mike,Cheonan Girl's High School,93,99,31,10,0
2010620338,Jamie,Cheonan Cheongsu High School,5,45,46,19,41
2010620339,Stephen,Cheonan High School,81,76,28,3,36
2010620340,Jamie,Cheonan Girl's High School,35,98,46,26,37
2010620341,Stephen,Cheonan Ssangyong High School,42,17,100,2,3
2010620342,Fernando,Cheonan High School,60,43,95,41,25
2010620343,Mike,Cheonan Girl's High School,39,49,25,40,7
2010620344,Fernando,Cheonan Ssangyong High School,14,39,46,7,39
2010620345,Steven,Cheonan High School,63,86,13,25,8
2010620346,Fernando,Cheonan Ssangyong High School,29,88,99,22,50
2010620347,Iris,Cheonan Ssangyong High School,19,68,93,5,37
2010620348,Fernando,Cheonan Girl's High School,1,48,14,40,4
2010620349,Steven,Cheonan Girl's High School,84,33,82,15,14
2010620350,Fernando,Cheonan Ssangyong High School,17,100,61,49,28
2010620351,Wendy,Cheonan Cheongsu High School,75,50,46,8,28
2010620352,Jamie,Cheonan Ssangyong High School,53,9,81,35,22
2010620353,Steven,Cheonan Ssangyong High School,77,4,84,15,48
2010620354,Mike,Cheonan Ssangyong High School,26,60,75,25,33
2010620355,Steven,Cheonan Girl's High School,2,61,14,40,18
2010620356,Fernando,Cheonan Girl's High School,34,80,48,38,32
2010620357,Steven,Cheonan High School,65,16,50,10,45
2010620358,Mike,Cheonan Ssangyong High School,22,88,2,43,29
2010620359,Fernando,Cheonan Ssangyong High School,70,92,47,11,41
2010620360,Wendy,Cheonan Girl's High School,99,100,74,47,3
2010620361,Jamie,Cheonan Ssangyong High School,92,54,86,24,45
2010620362,Fernando,Cheonan Cheongsu High School,43,14,50,6,31
2010620363,Iris,Cheonan High School,27,68,77,27,4
2010620364,Mike,Cheonan Girl's High School,10,11,61,4,12
2010620365,Wendy,Cheonan Girl's High School,1,41,29,9,18
2010620366,Steven,Cheonan Ssangyong High School,29,44,83,7,40
2010620367,Stephen,Cheonan Girl's High School,24,85,12,21,7
2010620368,Mike,Cheonan High School,0,37,1,49,25
2010620369,Mike,Cheonan Girl's High School,12,92,82,20,20
2010620370,Jamie,Cheonan Ssangyong High School,5,50,86,31,34
2010620371,Jamie,Cheonan Cheongsu High School,35,8,36,3,29
2010620372,Stephen,Cheonan Cheongsu High School,47,80,94,2,1
2010620373,Wendy,Cheonan Cheongsu High School,55,29,66,41,16
2010620374,Mike,Cheonan High School,12,97,33,34,10
2010620375,Steven,Cheonan High School,4,90,5,20,11
2010620376,Jamie,Cheonan Cheongsu High School,11,77,20,32,32
2010620377,Steven,Cheonan Cheongsu High School,48,9,96,3,4
2010620378,Stephen,Cheonan High School,76,84,90,10,39
2010620379,Fernando,Cheonan Girl's High School,44,88,98,23,43
2010620380,Jamie,Cheonan Ssangyong High School,44,4,7,19,26
2010620381,Fernando,Cheonan Girl's High School,63,89,35,41,29
2010620382,Stephen,Cheonan Cheongsu High School,61,12,11,3,32
2010620383,Steven,Cheonan Ssangyong High School,66,71,33,19,47
2010620384,Steven,Cheonan High School,37,24,69,6,13
2010620385,Mike,Cheonan Ssangyong High School,7,57,9,3,9
2010620386,Stephen,Cheonan Girl's High School,9,27,78,0,8
2010620387,Jamie,Cheonan Cheongsu High School,92,70,79,12,46
2010620388,Stephen,Cheonan Girl's High School,93,75,55,15,39
2010620389,Wendy,Cheonan Cheongsu High School,69,29,4,15,30
2010620390,Steven,Cheonan Cheongsu High School,5,83,34,4,9
2010620391,Iris,Cheonan Girl's High School,100,40,30,42,42
2010620392,Jamie,Cheonan Girl's High School,75,67,12,44,9
2010620393,Steven,Cheonan Ssangyong High School,19,62,71,16,42
2010620394,Iris,Cheonan High School,31,32,62,9,28
2010620395,Steven,Cheonan Girl's High School,15,87,78,3,34
2010620396,Steven,Cheonan Girl's High School,86,85,56,9,35
2010620397,Jamie,Cheonan Ssangyong High School,34,98,100,14,0
2010620398,Steven,Cheonan High School,29,49,83,40,12
2010620399,Fernando,Cheonan High School,70,76,65,46,41
2010620400,Wendy,Cheonan High School,96,9,96,22,25
2010620401,Fernando,Cheonan Ssangyong High School,22,11,15,18,49
2010620402,Iris,Cheonan Girl's High School,66,74,3,35,20
2010620403,Wendy,Cheonan Cheongsu High School,73,86,73,0,13
2010620404,Wendy,Cheonan Girl's High School,99,99,81,28,16
2010620405,Steven,Cheonan Girl's High School,8,84,43,33,0
2010620406,Jamie,Cheonan Girl's High School,23,88,18,26,5
2010620407,Jamie,Cheonan High School,23,85,4,8,5
2010620408,Wendy,Cheonan High School,62,11,77,18,7
2010620409,Jamie,Cheonan High School,62,50,0,43,8
2010620410,Fernando,Cheonan Cheongsu High School,81,66,83,49,36
2010620411,Stephen,Cheonan Ssangyong High School,84,100,66,38,3
2010620412,Steven,Cheonan Ssangyong High School,74,70,26,11,33
2010620413,Wendy,Cheonan Girl's High School,48,83,10,36,17
2010620414,Stephen,Cheonan Cheongsu High School,7,31,53,13,35
2010620415,Mike,Cheonan Girl's High School,26,91,55,48,5
2010620416,Iris,Cheonan Ssangyong High School,29,75,30,47,44
2010620417,Stephen,Cheonan Girl's High School,38,99,83,31,45
2010620418,Fernando,Cheonan High School,98,77,22,37,17
2010620419,Steven,Cheonan Cheongsu High School,38,65,51,31,44
2010620420,Fernando,Cheonan Ssangyong High School,96,32,18,3,20
2010620421,Stephen,Cheonan Girl's High School,76,86,29,32,5
2010620422,Wendy,Cheonan Cheongsu High School,98,81,8,0,3
2010620423,Iris,Cheonan Cheongsu High School,0,19,21,0,2
2010620424,Steven,Cheonan Cheongsu High School,81,97,53,39,32
2010620425,Wendy,Cheonan Ssangyong High School,52,83,31,49,27
2010620426,Iris,Cheonan Ssangyong High School,64,88,33,37,22
2010620427,Stephen,Cheonan Cheongsu High School,60,79,29,21,46
2010620428,Steven,Cheonan High School,18,66,39,48,41
2010620429,Fernando,Cheonan Girl's High School,77,92,58,32,8
2010620430,Wendy,Cheonan Cheongsu High School,74,81,84,34,46
2010620431,Fernando,Cheonan High School,65,76,45,37,30
2010620432,Wendy,Cheonan Ssangyong High School,80,5,14,11,13
2010620433,Wendy,Cheonan Ssangyong High School,53,4,43,10,42
2010620434,Steven,Cheonan High School,78,77,14,33,42
2010620435,Wendy,Cheonan Ssangyong High School,43,54,4,46,35
2010620436,Fernando,Cheonan Girl's High School,10,98,31,47,39
2010620437,Stephen,Cheonan Ssangyong High School,49,44,55,48,31
2010620438,Iris,Cheonan Ssangyong High School,54,71,8,17,28
2010620439,Wendy,Cheonan Girl's High School,31,60,45,32,3
2010620440,Mike,Cheonan Cheongsu High School,31,13,19,15,2
2010620441,Iris,Cheonan Girl's High School,73,79,70,30,42
2010620442,Stephen,Cheonan Cheongsu High School,8,20,10,41,27
2010620443,Wendy,Cheonan High School,36,93,15,49,9
2010620444,Stephen,Cheonan High School,50,3,8,44,26
2010620445,Mike,Cheonan Ssangyong High School,30,57,35,15,14
2010620446,Fernando,Cheonan Girl's High School,64,90,79,22,12
2010620447,Mike,Cheonan Girl's High School,45,28,54,1,14
2010620448,Steven,Cheonan Ssangyong High School,74,1,93,10,42
2010620449,Stephen,Cheonan Cheongsu High School,57,29,29,14,21
2010620450,Stephen,Cheonan Cheongsu High School,96,58,79,9,4
2010620451,Fernando,Cheonan Girl's High School,64,47,17,32,41
2010620452,Stephen,Cheonan Ssangyong High School,60,92,72,48,10
2010620453,Fernando,Cheonan Cheongsu High School,49,62,89,32,28
2010620454,Wendy,Cheonan Cheongsu High School,6,28,75,10,50
2010620455,Mike,Cheonan Cheongsu High School,25,71,95,36,18
2010620456,Jamie,Cheonan High School,7,72,48,10,37
2010620457,Iris,Cheonan Cheongsu High School,7,92,23,42,29
2010620458,Steven,Cheonan High School,28,39,53,16,7
2010620459,Steven,Cheonan Cheongsu High School,31,54,60,32,28
2010620460,Steven,Cheonan Ssangyong High School,52,17,63,42,14
2010620461,Jamie,Cheonan Girl's High School,75,30,61,34,8
2010620462,Steven,Cheonan High School,10,4,6,29,41
2010620463,Steven,Cheonan High School,83,77,83,49,21
2010620464,Mike,Cheonan Cheongsu High School,8,64,7,25,15
2010620465,Fernando,Cheonan Ssangyong High School,60,4,43,11,21
2010620466,Steven,Cheonan Cheongsu High School,51,62,20,14,20
2010620467,Iris,Cheonan Girl's High School,78,30,24,45,15
2010620468,Steven,Cheonan Girl's High School,90,66,35,43,3
2010620469,Jamie,Cheonan Ssangyong High School,94,31,18,43,21
2010620470,Iris,Cheonan Cheongsu High School,18,76,42,2,15
2010620471,Fernando,Cheonan High School,4,55,93,25,14
2010620472,Wendy,Cheonan Cheongsu High School,13,81,13,29,45
2010620473,Stephen,Cheonan Cheongsu High School,91,84,50,11,5
2010620474,Wendy,Cheonan High School,18,45,76,3,40
2010620475,Iris,Cheonan Ssangyong High School,22,100,50,30,12
2010620476,Fernando,Cheonan High School,48,27,81,49,42
2010620477,Mike,Cheonan Ssangyong High School,70,62,66,46,23
2010620478,Mike,Cheonan Ssangyong High School,11,93,10,6,25
2010620479,Mike,Cheonan Ssangyong High School,42,57,45,26,14
2010620480,Jamie,Cheonan Girl's High School,21,17,5,14,23
2010620481,Fernando,Cheonan Ssangyong High School,4,37,86,28,32
2010620482,Iris,Cheonan Ssangyong High School,75,2,10,16,10
2010620483,Stephen,Cheonan Ssangyong High School,66,34,77,47,15
2010620484,Iris,Cheonan Ssangyong High School,99,82,62,18,28
2010620485,Steven,Cheonan Ssangyong High School,93,87,21,26,12
2010620486,Wendy,Cheonan High School,37,11,5,21,48
2010620487,Jamie,Cheonan Girl's High School,40,56,75,11,21
2010620488,Wendy,Cheonan Girl's High School,65,67,32,30,45
2010620489,Iris,Cheonan Girl's High School,54,36,3,29,45
2010620490,Jamie,Cheonan Cheongsu High School,45,84,12,17,48
2010620491,Jamie,Cheonan High School,4,97,70,10,14
2010620492,Mike,Cheonan Girl's High School,53,96,64,11,12
2010620493,Stephen,Cheonan High School,3,20,70,13,42
2010620494,Mike,Cheonan High School,47,1,83,13,34
2010620495,Fernando,Cheonan Cheongsu High School,10,6,79,3,34
2010620496,Fernando,Cheonan Girl's High School,43,23,86,26,34
2010620497,Fernando,Cheonan Ssangyong High School,47,45,6,32,28
2010620498,Iris,Cheonan Girl's High School,69,40,84,46,43
2010620499,Wendy,Cheonan Ssangyong High School,100,60,19,18,1
2010620500,Steven,Cheonan Ssangyong High School,96,62,29,0,37
2010620501,Mike,Cheonan High School,64,25,73,18,19
2010620502,Stephen,Cheonan Cheongsu High School,62,49,24,30,38
2010620503,Fernando,Cheonan High School,7,57,25,48,10
2010620504,Steven,Cheonan High School,92,49,34,50,3
2010620505,Stephen,Cheonan Girl's High School,5,13,34,31,27
2010620506,Jamie,Cheonan Cheongsu High School,84,1,60,12,42
2010620507,Fernando,Cheonan High School,47,35,84,16,9
2010620508,Jamie,Cheonan High School,89,0,1,46,5
2010620509,Wendy,Cheonan Girl's High School,46,78,78,6,21
2010620510,Wendy,Cheonan Girl's High School,79,46,30,1,15
2010620511,Mike,Cheonan Cheongsu High School,53,29,65,2,41
2010620512,Wendy,Cheonan High School,85,71,66,40,35
2010620513,Stephen,Cheonan Cheongsu High School,79,28,77,13,10
2010620514,Jamie,Cheonan Ssangyong High School,71,53,73,15,34
2010620515,Iris,Cheonan High School,64,41,45,5,11
2010620516,Mike,Cheonan Cheongsu High School,3,60,77,2,12
2010620517,Wendy,Cheonan Girl's High School,88,22,49,50,28
2010620518,Wendy,Cheonan High School,72,20,5,29,5
2010620519,Iris,Cheonan Ssangyong High School,51,90,57,41,2
2010620520,Mike,Cheonan Cheongsu High School,8,65,73,25,7
2010620521,Stephen,Cheonan Ssangyong High School,32,89,8,11,39
2010620522,Jamie,Cheonan Ssangyong High School,71,70,10,28,38
2010620523,Steven,Cheonan Cheongsu High School,14,3,83,33,30
2010620524,Steven,Cheonan High School,86,85,45,39,50
2010620525,Stephen,Cheonan Cheongsu High School,100,96,1,7,48
2010620526,Stephen,Cheonan Girl's High School,2,75,10,13,12
2010620527,Steven,Cheonan Ssangyong High School,38,52,25,20,21
2010620528,Iris,Cheonan Cheongsu High School,13,87,87,30,1
2010620529,Wendy,Cheonan Girl's High School,16,41,28,6,16
2010620530,Mike,Cheonan Girl's High School,60,25,25,13,32
2010620531,Jamie,Cheonan Cheongsu High School,60,9,48,12,25
2010620532,Stephen,Cheonan Ssangyong High School,35,21,0,18,0
2010620533,Wendy,Cheonan Ssangyong High School,94,37,42,1,17
2010620534,Mike,Cheonan Ssangyong High School,69,3,70,40,34
2010620535,Steven,Cheonan Girl's High School,55,18,0,11,37
2010620536,Mike,Cheonan High School,16,28,94,34,36
2010620537,Wendy,Cheonan Girl's High School,98,59,79,8,30
2010620538,Iris,Cheonan Ssangyong High School,47,12,10,18,22
2010620539,Jamie,Cheonan Girl's High School,50,78,15,4,19
2010620540,Fernando,Cheonan Cheongsu High School,34,32,4,21,44
2010620541,Fernando,Cheonan Ssangyong High School,58,85,63,11,49
2010620542,Jamie,Cheonan High School,31,18,10,26,30
2010620543,Fernando,Cheonan Cheongsu High School,24,91,86,8,26
2010620544,Iris,Cheonan Ssangyong High School,83,55,87,32,13
2010620545,Wendy,Cheonan Girl's High School,7,38,59,22,4
2010620546,Wendy,Cheonan High School,12,81,51,32,38
2010620547,Steven,Cheonan High School,38,73,19,46,22
2010620548,Steven,Cheonan Ssangyong High School,79,54,15,7,14
2010620549,Fernando,Cheonan Ssangyong High School,34,34,29,11,1
2010620550,Fernando,Cheonan High School,30,94,26,7,33
2010620551,Jamie,Cheonan Cheongsu High School,25,30,41,4,24
2010620552,Steven,Cheonan Ssangyong High School,43,83,73,27,17
2010620553,Iris,Cheonan Girl's High School,16,80,16,4,40
2010620554,Steven,Cheonan Girl's High School,90,33,3,47,48
2010620555,Mike,Cheonan High School,40,33,38,14,37
2010620556,Jamie,Cheonan High School,44,86,65,2,33
2010620557,Steven,Cheonan High School,73,99,17,24,21
2010620558,Jamie,Cheonan Ssangyong High School,84,2,4,33,3
2010620559,Fernando,Cheonan Cheongsu High School,98,81,81,13,39
2010620560,Jamie,Cheonan Cheongsu High School,64,24,3,19,6
2010620561,Mike,Cheonan Ssangyong High School,17,93,54,50,25
2010620562,Jamie,Cheonan Ssangyong High School,19,9,84,2,28
2010620563,Wendy,Cheonan High School,18,67,37,19,25
2010620564,Iris,Cheonan High School,2,37,20,15,41
2010620565,Iris,Cheonan High School,85,45,89,23,30
2010620566,Fernando,Cheonan Ssangyong High School,71,41,80,23,0
2010620567,Jamie,Cheonan Ssangyong High School,92,0,60,1,14
2010620568,Mike,Cheonan Ssangyong High School,12,8,3,35,15
2010620569,Stephen,Cheonan Ssangyong High School,27,55,73,7,18
2010620570,Jamie,Cheonan High School,93,81,49,47,9
2010620571,Fernando,Cheonan Ssangyong High School,53,32,43,11,32
2010620572,Stephen,Cheonan Girl's High School,82,79,51,1,49
2010620573,Wendy,Cheonan High School,64,2,2,36,33
2010620574,Jamie,Cheonan Girl's High School,66,39,22,21,5
2010620575,Jamie,Cheonan Girl's High School,78,17,22,10,31
2010620576,Wendy,Cheonan High School,90,56,76,0,21
2010620577,Fernando,Cheonan Cheongsu High School,92,91,20,15,12
2010620578,Wendy,Cheonan Ssangyong High School,62,37,36,48,46
2010620579,Stephen,Cheonan High School,13,74,32,24,25
2010620580,Fernando,Cheonan Girl's High School,11,71,16,38,20
2010620581,Steven,Cheonan High School,70,75,14,49,1
2010620582,Iris,Cheonan High School,36,37,91,36,15
2010620583,Fernando,Cheonan Cheongsu High School,49,97,27,5,33
2010620584,Steven,Cheonan Ssangyong High School,81,22,28,5,25
2010620585,Wendy,Cheonan Ssangyong High School,72,74,3,37,0
2010620586,Mike,Cheonan Cheongsu High School,17,57,89,26,2
2010620587,Steven,Cheonan Cheongsu High School,80,70,44,20,36
2010620588,Wendy,Cheonan High School,49,64,51,12,7
2010620589,Mike,Cheonan Cheongsu High School,90,90,61,31,32
2010620590,Steven,Cheonan Cheongsu High School,32,70,81,39,17
2010620591,Fernando,Cheonan High School,46,6,85,6,26
2010620592,Jamie,Cheonan Ssangyong High School,28,65,76,7,36
2010620593,Iris,Cheonan Ssangyong High School,65,8,64,21,42
2010620594,Wendy,Cheonan Cheongsu High School,46,93,77,36,49
2010620595,Mike,Cheonan Cheongsu High School,70,62,60,44,36
2010620596,Wendy,Cheonan Cheongsu High School,83,100,40,28,31
2010620597,Jamie,Cheonan Cheongsu High School,1,59,59,35,22
2010620598,Steven,Cheonan High School,1,20,34,37,10
2010620599,Steven,Cheonan Cheongsu High School,9,33,84,33,15
2010620600,Wendy,Cheonan Cheongsu High School,28,20,93,36,11
2010620601,Stephen,Cheonan Ssangyong High School,84,14,74,22,40
2010620602,Wendy,Cheonan Girl's High School,10,60,3,45,39
2010620603,Wendy,Cheonan Ssangyong High School,71,40,14,13,1
2010620604,Iris,Cheonan High School,18,97,16,11,47
2010620605,Wendy,Cheonan Girl's High School,72,57,4,37,19
2010620606,Fernando,Cheonan Girl's High School,3,56,90,38,2
2010620607,Steven,Cheonan Cheongsu High School,52,25,75,0,17
2010620608,Fernando,Cheonan Ssangyong High School,11,24,67,49,0
2010620609,Steven,Cheonan Cheongsu High School,33,50,95,2,34
2010620610,Wendy,Cheonan Ssangyong High School,53,73,29,49,29
2010620611,Fernando,Cheonan High School,37,80,55,44,46
2010620612,Fernando,Cheonan Cheongsu High School,19,90,66,44,37
2010620613,Stephen,Cheonan High School,95,3,37,27,11
2010620614,Steven,Cheonan High School,73,22,47,49,35
2010620615,Iris,Cheonan Girl's High School,30,90,93,32,33
2010620616,Iris,Cheonan Cheongsu High School,57,55,89,26,42
2010620617,Wendy,Cheonan Girl's High School,57,59,74,30,23
2010620618,Stephen,Cheonan Cheongsu High School,61,67,39,9,25
2010620619,Stephen,Cheonan Girl's High School,10,85,69,23,21
2010620620,Stephen,Cheonan High School,28,90,97,23,22
2010620621,Jamie,Cheonan Ssangyong High School,24,70,25,39,7
2010620622,Steven,Cheonan Cheongsu High School,90,72,75,10,50
2010620623,Jamie,Cheonan Ssangyong High School,14,84,76,14,29
2010620624,Mike,Cheonan Cheongsu High School,0,39,36,39,5
2010620625,Jamie,Cheonan High School,46,22,16,5,30
2010620626,Wendy,Cheonan Girl's High School,87,15,31,43,21
2010620627,Steven,Cheonan Girl's High School,2,67,71,16,18
2010620628,Stephen,Cheonan Girl's High School,88,100,83,49,44
2010620629,Wendy,Cheonan High School,68,19,45,28,34
2010620630,Iris,Cheonan Ssangyong High School,11,82,34,46,28
2010620631,Fernando,Cheonan Girl's High School,44,39,13,49,36
2010620632,Steven,Cheonan Girl's High School,78,19,19,23,28
2010620633,Wendy,Cheonan Girl's High School,88,71,1,3,9
2010620634,Mike,Cheonan Ssangyong High School,23,14,69,16,39
2010620635,Fernando,Cheonan Cheongsu High School,72,55,98,36,41
2010620636,Wendy,Cheonan Ssangyong High School,31,33,24,16,31
2010620637,Steven,Cheonan Ssangyong High School,24,40,71,39,24
2010620638,Mike,Cheonan Ssangyong High School,70,76,75,5,43
2010620639,Stephen,Cheonan Cheongsu High School,87,89,85,39,29
2010620640,Fernando,Cheonan Ssangyong High School,26,83,81,12,14
2010620641,Mike,Cheonan Ssangyong High School,83,85,89,5,12
2010620642,Mike,Cheonan Ssangyong High School,17,7,92,44,30
2010620643,Wendy,Cheonan Girl's High School,2,51,70,19,6
2010620644,Jamie,Cheonan Ssangyong High School,48,66,71,42,19
2010620645,Stephen,Cheonan Ssangyong High School,72,38,64,22,37
2010620646,Jamie,Cheonan High School,19,64,9,32,32
2010620647,Fernando,Cheonan Ssangyong High School,55,26,79,37,27
2010620648,Iris,Cheonan Girl's High School,27,6,42,3,8
2010620649,Fernando,Cheonan Cheongsu High School,7,60,18,6,4
2010620650,Mike,Cheonan High School,18,1,13,36,41
2010620651,Wendy,Cheonan High School,87,29,89,25,41
2010620652,Stephen,Cheonan Ssangyong High School,39,100,8,20,40
2010620653,Wendy,Cheonan High School,27,67,59,44,35
2010620654,Fernando,Cheonan High School,65,76,82,25,16
2010620655,Wendy,Cheonan Ssangyong High School,80,38,53,50,3
2010620656,Iris,Cheonan Ssangyong High School,55,12,10,43,36
2010620657,Mike,Cheonan High School,85,55,25,23,44
2010620658,Stephen,Cheonan Girl's High School,3,7,86,42,44
2010620659,Iris,Cheonan Ssangyong High School,49,68,62,15,0
2010620660,Iris,Cheonan Cheongsu High School,15,59,96,30,35
2010620661,Stephen,Cheonan High School,91,82,12,17,37
2010620662,Jamie,Cheonan High School,44,73,24,8,42
2010620663,Mike,Cheonan High School,29,21,32,17,41
2010620664,Stephen,Cheonan Ssangyong High School,48,56,79,1,37
2010620665,Wendy,Cheonan Girl's High School,92,51,15,40,12
2010620666,Iris,Cheonan High School,54,51,27,11,7
2010620667,Steven,Cheonan Cheongsu High School,84,92,69,22,37
2010620668,Stephen,Cheonan High School,50,52,25,13,39
2010620669,Jamie,Cheonan Girl's High School,81,83,78,46,22
2010620670,Mike,Cheonan Cheongsu High School,85,99,37,8,26
2010620671,Mike,Cheonan High School,34,83,31,3,23
2010620672,Iris,Cheonan High School,56,81,3,35,38
2010620673,Iris,Cheonan Girl's High School,51,83,48,11,6
2010620674,Fernando,Cheonan Cheongsu High School,40,6,98,44,18
2010620675,Wendy,Cheonan Cheongsu High School,76,72,65,44,33
2010620676,Fernando,Cheonan Cheongsu High School,36,91,44,2,23
2010620677,Iris,Cheonan High School,60,69,60,21,40
2010620678,Jamie,Cheonan Cheongsu High School,32,9,53,42,24
2010620679,Steven,Cheonan Cheongsu High School,40,48,41,11,9
2010620680,Steven,Cheonan High School,8,48,3,31,10
2010620681,Steven,Cheonan High School,9,83,72,47,30
2010620682,Stephen,Cheonan Girl's High School,64,13,85,0,24
2010620683,Stephen,Cheonan High School,35,15,27,46,10
2010620684,Iris,Cheonan High School,70,0,9,0,34
2010620685,Iris,Cheonan High School,20,40,99,23,31
2010620686,Wendy,Cheonan Ssangyong High School,6,97,34,21,47
2010620687,Wendy,Cheonan High School,98,83,77,50,37
2010620688,Jamie,Cheonan Cheongsu High School,91,79,76,48,39
2010620689,Mike,Cheonan Cheongsu High School,97,65,77,4,43
2010620690,Wendy,Cheonan Ssangyong High School,60,68,56,14,20
2010620691,Stephen,Cheonan High School,92,55,4,46,48
2010620692,Stephen,Cheonan High School,46,59,47,8,33
2010620693,Steven,Cheonan Girl's High School,70,23,84,15,22
2010620694,Jamie,Cheonan Girl's High School,96,10,23,23,43
2010620695,Stephen,Cheonan High School,14,49,20,3,6
2010620696,Wendy,Cheonan Ssangyong High School,98,16,52,22,22
2010620697,Stephen,Cheonan High School,88,23,39,39,49
2010620698,Steven,Cheonan Girl's High School,78,22,15,35,26
2010620699,Mike,Cheonan Ssangyong High School,97,1,4,7,22
2010620700,Wendy,Cheonan Ssangyong High School,30,10,89,40,45
2010620701,Stephen,Cheonan Cheongsu High School,91,2,57,7,23
2010620702,Steven,Cheonan Ssangyong High School,5,1,68,10,23
2010620703,Stephen,Cheonan High School,95,84,78,41,44
2010620704,Mike,Cheonan Girl's High School,31,6,44,5,46
2010620705,Steven,Cheonan Girl's High School,55,13,70,46,17
2010620706,Wendy,Cheonan High School,47,58,29,14,28
2010620707,Iris,Cheonan Cheongsu High School,75,1,15,5,0
2010620708,Mike,Cheonan High School,82,40,85,33,37
2010620709,Steven,Cheonan High School,43,28,5,25,24
2010620710,Mike,Cheonan Ssangyong High School,46,28,86,7,50
2010620711,Iris,Cheonan Cheongsu High School,15,60,75,10,23
2010620712,Fernando,Cheonan Cheongsu High School,2,42,46,27,3
2010620713,Steven,Cheonan High School,37,100,79,31,38
2010620714,Wendy,Cheonan Cheongsu High School,38,2,52,1,44
2010620715,Steven,Cheonan Girl's High School,68,18,97,18,14
2010620716,Wendy,Cheonan Girl's High School,46,53,48,32,34
2010620717,Mike,Cheonan Cheongsu High School,62,91,56,1,19
2010620718,Iris,Cheonan High School,67,36,15,34,39
2010620719,Wendy,Cheonan High School,64,66,56,2,20
2010620720,Steven,Cheonan Ssangyong High School,67,16,28,10,36
2010620721,Steven,Cheonan Girl's High School,26,4,44,33,32
2010620722,Fernando,Cheonan Cheongsu High School,33,100,21,48,0
2010620723,Stephen,Cheonan Cheongsu High School,49,23,1,31,34
2010620724,Mike,Cheonan Ssangyong High School,48,92,85,41,34
2010620725,Jamie,Cheonan Ssangyong High School,62,51,81,4,37
2010620726,Steven,Cheonan High School,28,65,96,15,38
2010620727,Stephen,Cheonan Cheongsu High School,73,34,20,50,3
2010620728,Iris,Cheonan Girl's High School,51,53,58,30,18
2010620729,Steven,Cheonan High School,71,70,41,7,24
2010620730,Mike,Cheonan Cheongsu High School,95,48,12,12,21
2010620731,Fernando,Cheonan High School,66,79,50,50,0
2010620732,Iris,Cheonan High School,94,50,32,33,13
2010620733,Steven,Cheonan Cheongsu High School,84,0,49,2,36
2010620734,Mike,Cheonan Cheongsu High School,3,28,30,19,5
2010620735,Iris,Cheonan Cheongsu High School,52,30,15,36,50
2010620736,Stephen,Cheonan Cheongsu High School,0,41,53,22,7
2010620737,Jamie,Cheonan Ssangyong High School,5,95,9,12,12
2010620738,Steven,Cheonan Ssangyong High School,62,68,4,40,26
2010620739,Steven,Cheonan Girl's High School,53,41,74,30,9
2010620740,Fernando,Cheonan High School,30,6,81,5,32
2010620741,Steven,Cheonan Cheongsu High School,5,29,75,18,1
2010620742,Steven,Cheonan Ssangyong High School,49,3,56,12,24
2010620743,Mike,Cheonan Ssangyong High School,85,90,57,3,5
2010620744,Jamie,Cheonan Ssangyong High School,7,82,81,48,44
2010620745,Iris,Cheonan Girl's High School,10,72,37,1,18
2010620746,Jamie,Cheonan Ssangyong High School,34,28,75,28,32
2010620747,Iris,Cheonan Girl's High School,77,98,33,44,31
2010620748,Stephen,Cheonan Cheongsu High School,50,7,99,1,16
2010620749,Mike,Cheonan Ssangyong High School,35,51,13,33,7
2010620750,Stephen,Cheonan High School,67,100,86,24,49
2010620751,Iris,Cheonan Girl's High School,69,74,87,37,6
2010620752,Fernando,Cheonan Girl's High School,23,72,94,30,49
2010620753,Wendy,Cheonan Cheongsu High School,51,19,4,50,40
2010620754,Stephen,Cheonan Ssangyong High School,60,51,62,21,7
2010620755,Steven,Cheonan Girl's High School,99,66,100,27,7
2010620756,Steven,Cheonan High School,81,96,93,29,23
2010620757,Wendy,Cheonan Ssangyong High School,74,26,77,34,47
2010620758,Stephen,Cheonan Cheongsu High School,78,18,67,27,30
2010620759,Mike,Cheonan Girl's High School,28,7,86,18,1
2010620760,Steven,Cheonan Girl's High School,88,41,18,23,26
2010620761,Wendy,Cheonan Girl's High School,51,57,46,31,35
2010620762,Jamie,Cheonan High School,64,44,2,45,47
2010620763,Fernando,Cheonan High School,60,84,23,20,1
2010620764,Mike,Cheonan Girl's High School,79,29,84,1,35
2010620765,Iris,Cheonan Cheongsu High School,23,19,42,13,22
2010620766,Fernando,Cheonan Girl's High School,1,12,25,39,18
2010620767,Mike,Cheonan High School,24,77,33,21,14
2010620768,Fernando,Cheonan Ssangyong High School,95,27,14,37,1
2010620769,Iris,Cheonan High School,75,17,28,24,2
2010620770,Wendy,Cheonan Ssangyong High School,32,8,28,29,47
2010620771,Mike,Cheonan Girl's High School,23,26,45,14,16
2010620772,Mike,Cheonan Girl's High School,74,73,72,50,27
2010620773,Fernando,Cheonan High School,4,23,43,45,1
2010620774,Steven,Cheonan Girl's High School,72,21,38,12,16
2010620775,Jamie,Cheonan High School,0,17,67,29,34
2010620776,Jamie,Cheonan Girl's High School,37,89,70,8,43
2010620777,Fernando,Cheonan Girl's High School,37,44,19,44,9
2010620778,Mike,Cheonan High School,14,68,12,2,13
2010620779,Mike,Cheonan Cheongsu High School,84,83,17,36,33
2010620780,Jamie,Cheonan Girl's High School,67,98,69,11,22
2010620781,Jamie,Cheonan Girl's High School,26,66,24,38,32
2010620782,Mike,Cheonan Ssangyong High School,3,24,3,44,2
2010620783,Wendy,Cheonan Girl's High School,5,9,97,46,20
2010620784,Steven,Cheonan Ssangyong High School,77,53,37,1,11
2010620785,Iris,Cheonan Girl's High School,96,51,28,5,23
2010620786,Wendy,Cheonan Girl's High School,36,47,70,18,0
2010620787,Stephen,Cheonan Cheongsu High School,55,98,35,26,37
2010620788,Steven,Cheonan High School,37,48,58,37,13
2010620789,Steven,Cheonan Girl's High School,100,14,71,45,17
2010620790,Mike,Cheonan Cheongsu High School,1,71,54,24,48
2010620791,Mike,Cheonan Girl's High School,93,56,47,45,36
2010620792,Fernando,Cheonan Ssangyong High School,53,69,70,26,31
2010620793,Steven,Cheonan Cheongsu High School,33,60,4,5,24
2010620794,Jamie,Cheonan Girl's High School,82,10,67,38,29
2010620795,Mike,Cheonan Cheongsu High School,36,42,84,2,23
2010620796,Wendy,Cheonan Girl's High School,89,32,85,40,23
2010620797,Jamie,Cheonan Girl's High School,50,19,10,47,14
2010620798,Stephen,Cheonan High School,50,41,55,3,13
2010620799,Jamie,Cheonan Cheongsu High School,32,8,53,40,10
2010620800,Mike,Cheonan Girl's High School,64,15,30,12,32
2010620801,Mike,Cheonan Girl's High School,50,89,51,22,26
2010620802,Stephen,Cheonan Cheongsu High School,22,28,69,7,50
2010620803,Jamie,Cheonan Girl's High School,48,58,30,18,28
2010620804,Mike,Cheonan Girl's High School,56,31,95,26,43
2010620805,Steven,Cheonan Cheongsu High School,39,26,79,19,13
2010620806,Fernando,Cheonan Ssangyong High School,10,1,58,29,30
2010620807,Iris,Cheonan Cheongsu High School,23,48,66,15,43
2010620808,Wendy,Cheonan Girl's High School,36,16,51,20,37
2010620809,Mike,Cheonan Ssangyong High School,5,36,13,42,17
2010620810,Fernando,Cheonan Girl's High School,32,98,28,22,1
2010620811,Wendy,Cheonan Cheongsu High School,55,73,78,38,44
2010620812,Stephen,Cheonan Ssangyong High School,86,62,38,37,49
2010620813,Iris,Cheonan High School,56,100,77,43,48
2010620814,Jamie,Cheonan Cheongsu High School,74,95,58,37,9
2010620815,Steven,Cheonan Girl's High School,86,35,33,38,34
2010620816,Mike,Cheonan Cheongsu High School,85,5,22,43,12
2010620817,Jamie,Cheonan High School,19,4,63,43,30
2010620818,Mike,Cheonan High School,23,29,6,43,24
2010620819,Wendy,Cheonan Cheongsu High School,5,0,76,3,16
2010620820,Fernando,Cheonan Girl's High School,80,56,94,48,42
2010620821,Stephen,Cheonan Cheongsu High School,66,31,84,38,18
2010620822,Mike,Cheonan High School,56,96,58,35,39
2010620823,Jamie,Cheonan Girl's High School,64,80,57,8,30
2010620824,Steven,Cheonan High School,43,40,67,33,38
2010620825,Mike,Cheonan Cheongsu High School,50,8,30,26,48
2010620826,Wendy,Cheonan High School,60,97,47,39,15
2010620827,Iris,Cheonan Cheongsu High School,82,88,16,23,24
2010620828,Wendy,Cheonan High School,16,98,85,45,9
2010620829,Stephen,Cheonan High School,76,61,91,42,25
2010620830,Fernando,Cheonan Ssangyong High School,34,98,4,22,33
2010620831,Jamie,Cheonan High School,28,90,31,32,36
2010620832,Steven,Cheonan Ssangyong High School,55,100,26,17,12
2010620833,Stephen,Cheonan Girl's High School,31,20,38,8,36
2010620834,Fernando,Cheonan Ssangyong High School,77,2,78,41,29
2010620835,Fernando,Cheonan Ssangyong High School,7,86,63,14,25
2010620836,Stephen,Cheonan High School,68,9,90,38,24
2010620837,Jamie,Cheonan High School,28,30,91,42,28
2010620838,Iris,Cheonan Girl's High School,65,5,20,3,2
2010620839,Jamie,Cheonan Girl's High School,91,58,63,8,32
2010620840,Fernando,Cheonan Cheongsu High School,99,48,92,10,8
2010620841,Steven,Cheonan Ssangyong High School,96,28,3,23,2
2010620842,Wendy,Cheonan Ssangyong High School,81,42,90,0,30
2010620843,Iris,Cheonan High School,40,80,42,10,3
2010620844,Wendy,Cheonan High School,95,8,86,39,13
2010620845,Wendy,Cheonan Ssangyong High School,10,30,63,14,25
2010620846,Fernando,Cheonan High School,22,75,41,44,50
2010620847,Stephen,Cheonan High School,2,10,4,11,14
2010620848,Iris,Cheonan Girl's High School,19,6,19,30,29
2010620849,Iris,Cheonan High School,50,55,16,20,30
2010620850,Wendy,Cheonan High School,75,48,55,23,43
2010620851,Iris,Cheonan Ssangyong High School,88,14,87,50,22
2010620852,Fernando,Cheonan Girl's High School,85,30,72,16,50
2010620853,Stephen,Cheonan Ssangyong High School,9,24,69,1,20
2010620854,Fernando,Cheonan Girl's High School,94,62,46,48,17
2010620855,Stephen,Cheonan Girl's High School,75,36,7,7,45
2010620856,Wendy,Cheonan High School,55,51,72,29,35
2010620857,Iris,Cheonan Ssangyong High School,49,85,96,11,39
2010620858,Jamie,Cheonan Girl's High School,54,70,21,28,0
2010620859,Wendy,Cheonan Cheongsu High School,58,43,98,13,32
2010620860,Fernando,Cheonan High School,79,2,76,19,15
2010620861,Wendy,Cheonan Girl's High School,5,76,75,24,34
2010620862,Steven,Cheonan Cheongsu High School,9,47,26,7,9
2010620863,Fernando,Cheonan High School,62,80,58,31,28
2010620864,Iris,Cheonan Cheongsu High School,24,23,46,17,10
2010620865,Stephen,Cheonan Ssangyong High School,68,97,73,25,14
2010620866,Stephen,Cheonan Girl's High School,23,8,60,2,16
2010620867,Jamie,Cheonan Cheongsu High School,63,39,27,36,30
2010620868,Iris,Cheonan Cheongsu High School,79,56,82,39,7
2010620869,Steven,Cheonan Girl's High School,71,67,38,0,12
2010620870,Wendy,Cheonan Cheongsu High School,13,52,90,31,18
2010620871,Iris,Cheonan High School,40,60,13,6,34
2010620872,Fernando,Cheonan High School,52,17,95,22,35
2010620873,Iris,Cheonan Ssangyong High School,82,58,39,12,35
2010620874,Wendy,Cheonan Cheongsu High School,65,94,14,8,15
2010620875,Stephen,Cheonan Cheongsu High School,59,67,25,32,27
2010620876,Jamie,Cheonan Cheongsu High School,5,36,88,12,42
2010620877,Mike,Cheonan Ssangyong High School,60,1,41,18,22
2010620878,Mike,Cheonan Girl's High School,91,32,28,19,27
2010620879,Stephen,Cheonan Girl's High School,15,87,15,41,33
2010620880,Stephen,Cheonan Cheongsu High School,52,64,55,11,1
2010620881,Jamie,Cheonan Ssangyong High School,8,78,92,11,0
2010620882,Jamie,Cheonan Cheongsu High School,83,89,9,48,8
2010620883,Jamie,Cheonan Ssangyong High School,78,77,40,27,0
2010620884,Steven,Cheonan Ssangyong High School,67,4,2,40,27
2010620885,Iris,Cheonan Girl's High School,12,19,53,36,32
2010620886,Stephen,Cheonan Ssangyong High School,9,60,29,19,11
2010620887,Steven,Cheonan Girl's High School,48,19,7,18,33
2010620888,Iris,Cheonan Cheongsu High School,58,26,25,6,1
2010620889,Mike,Cheonan Girl's High School,17,61,63,6,32
2010620890,Steven,Cheonan High School,91,91,3,27,38
2010620891,Fernando,Cheonan Ssangyong High School,3,77,9,33,21
2010620892,Wendy,Cheonan Ssangyong High School,38,92,62,13,27
2010620893,Jamie,Cheonan Cheongsu High School,100,57,75,39,26
2010620894,Mike,Cheonan Girl's High School,15,78,89,49,0
2010620895,Iris,Cheonan Cheongsu High School,54,49,45,20,47
2010620896,Fernando,Cheonan Cheongsu High School,34,2,11,37,17
2010620897,Steven,Cheonan Cheongsu High School,99,95,72,6,29
2010620898,Iris,Cheonan Cheongsu High School,28,9,47,41,15
2010620899,Wendy,Cheonan High School,30,66,8,13,43
2010620900,Iris,Cheonan Cheongsu High School,8,96,84,41,8
2010620901,Jamie,Cheonan Cheongsu High School,32,41,88,16,23
2010620902,Steven,Cheonan Ssangyong High School,38,62,13,22,9
2010620903,Mike,Cheonan Ssangyong High School,7,80,3,34,9
2010620904,Iris,Cheonan High School,42,54,84,35,50
2010620905,Steven,Cheonan Girl's High School,60,37,51,28,49
2010620906,Fernando,Cheonan Cheongsu High School,14,70,94,29,23
2010620907,Stephen,Cheonan Ssangyong High School,90,85,33,32,29
2010620908,Jamie,Cheonan High School,13,19,56,5,28
2010620909,Jamie,Cheonan High School,75,78,84,18,43
2010620910,Mike,Cheonan Cheongsu High School,82,84,4,23,41
2010620911,Wendy,Cheonan Girl's High School,6,69,41,43,13
2010620912,Stephen,Cheonan Girl's High School,41,45,11,14,32
2010620913,Iris,Cheonan Ssangyong High School,14,53,80,19,30
2010620914,Stephen,Cheonan Girl's High School,90,8,52,36,30
2010620915,Steven,Cheonan Ssangyong High School,59,57,4,40,49
2010620916,Wendy,Cheonan Ssangyong High School,84,74,42,35,40
2010620917,Iris,Cheonan Girl's High School,74,67,94,9,33
2010620918,Stephen,Cheonan Girl's High School,40,29,49,18,20
2010620919,Steven,Cheonan High School,24,83,6,18,45
2010620920,Steven,Cheonan Cheongsu High School,96,74,56,49,1
2010620921,Fernando,Cheonan Girl's High School,33,89,42,23,36
2010620922,Fernando,Cheonan Girl's High School,30,78,81,33,21
2010620923,Wendy,Cheonan Ssangyong High School,10,46,27,49,36
2010620924,Fernando,Cheonan Ssangyong High School,11,59,90,6,31
2010620925,Fernando,Cheonan Cheongsu High School,55,62,51,30,13
2010620926,Mike,Cheonan Girl's High School,52,6,41,38,49
2010620927,Wendy,Cheonan High School,76,90,38,5,36
2010620928,Wendy,Cheonan Cheongsu High School,13,44,21,7,32
2010620929,Iris,Cheonan Girl's High School,28,53,93,39,7
2010620930,Mike,Cheonan Cheongsu High School,91,22,62,44,47
2010620931,Wendy,Cheonan Girl's High School,73,81,24,27,15
2010620932,Mike,Cheonan Girl's High School,33,25,48,10,33
2010620933,Steven,Cheonan Girl's High School,80,71,17,44,9
2010620934,Mike,Cheonan High School,0,64,27,22,37
2010620935,Stephen,Cheonan High School,78,32,10,35,12
2010620936,Jamie,Cheonan Cheongsu High School,36,83,40,7,25
2010620937,Fernando,Cheonan Ssangyong High School,49,37,17,48,43
2010620938,Iris,Cheonan Cheongsu High School,57,44,45,8,40
2010620939,Fernando,Cheonan Ssangyong High School,22,26,1,5,30
2010620940,Jamie,Cheonan High School,83,66,37,0,50
2010620941,Wendy,Cheonan Girl's High School,70,30,34,25,18
2010620942,Stephen,Cheonan Cheongsu High School,99,58,26,5,22
2010620943,Stephen,Cheonan High School,99,60,11,45,30
2010620944,Wendy,Cheonan High School,20,86,54,10,8
2010620945,Jamie,Cheonan Ssangyong High School,86,59,21,12,33
2010620946,Iris,Cheonan Ssangyong High School,24,35,48,43,36
2010620947,Fernando,Cheonan Girl's High School,48,11,62,23,48
2010620948,Iris,Cheonan High School,53,74,89,26,28
2010620949,Iris,Cheonan High School,85,40,6,49,19
2010620950,Jamie,Cheonan Ssangyong High School,44,3,15,49,2
2010620951,Jamie,Cheonan Girl's High School,66,68,0,5,16
2010620952,Jamie,Cheonan Girl's High School,74,98,85,20,45
2010620953,Steven,Cheonan Cheongsu High School,99,67,78,46,42
2010620954,Fernando,Cheonan Cheongsu High School,98,59,61,32,29
2010620955,Fernando,Cheonan High School,33,61,23,20,17
2010620956,Steven,Cheonan Ssangyong High School,65,84,50,25,16
2010620957,Wendy,Cheonan Girl's High School,12,5,37,37,22
2010620958,Iris,Cheonan Girl's High School,91,8,6,30,34
2010620959,Fernando,Cheonan High School,69,86,95,31,0
2010620960,Iris,Cheonan Cheongsu High School,30,34,28,37,38
2010620961,Mike,Cheonan Girl's High School,56,54,39,22,33
2010620962,Stephen,Cheonan Girl's High School,77,70,25,4,48
2010620963,Mike,Cheonan Cheongsu High School,68,6,38,46,24
2010620964,Iris,Cheonan High School,93,74,67,25,49
2010620965,Jamie,Cheonan Cheongsu High School,44,38,94,0,19
2010620966,Fernando,Cheonan Ssangyong High School,55,66,85,31,18
2010620967,Fernando,Cheonan Ssangyong High School,40,76,15,2,18
2010620968,Wendy,Cheonan Cheongsu High School,31,19,85,43,17
2010620969,Steven,Cheonan Ssangyong High School,61,77,30,26,5
2010620970,Fernando,Cheonan Girl's High School,62,92,9,45,50
2010620971,Steven,Cheonan High School,98,90,85,5,34
2010620972,Mike,Cheonan Cheongsu High School,87,9,64,50,8
2010620973,Mike,Cheonan Ssangyong High School,38,52,36,42,48
2010620974,Steven,Cheonan Ssangyong High School,50,69,20,44,26
2010620975,Iris,Cheonan Ssangyong High School,51,14,55,17,13
2010620976,Iris,Cheonan Ssangyong High School,14,70,30,25,10
2010620977,Steven,Cheonan Cheongsu High School,61,81,18,13,28
2010620978,Steven,Cheonan High School,9,76,50,41,2
2010620979,Steven,Cheonan Cheongsu High School,85,73,22,49,49
2010620980,Wendy,Cheonan Ssangyong High School,8,48,14,28,10
2010620981,Mike,Cheonan Girl's High School,97,39,73,4,13
2010620982,Jamie,Cheonan Girl's High School,84,100,52,5,3
2010620983,Steven,Cheonan High School,21,82,61,43,39
2010620984,Fernando,Cheonan Ssangyong High School,33,60,57,29,17
2010620985,Mike,Cheonan High School,94,75,80,45,47
2010620986,Fernando,Cheonan High School,72,71,39,43,1
2010620987,Iris,Cheonan High School,37,24,6,20,23
2010620988,Stephen,Cheonan High School,25,89,42,37,43
2010620989,Fernando,Cheonan Ssangyong High School,70,28,0,22,21
2010620990,Mike,Cheonan High School,92,19,62,28,35
2010620991,Wendy,Cheonan High School,16,35,72,21,10
2010620992,Wendy,Cheonan High School,74,91,18,12,36
2010620993,Mike,Cheonan Cheongsu High School,44,67,81,32,24
2010620994,Iris,Cheonan Cheongsu High School,21,56,61,4,1
2010620995,Iris,Cheonan Ssangyong High School,93,84,15,16,25
2010620996,Mike,Cheonan Girl's High School,26,99,85,14,8
2010620997,Jamie,Cheonan Girl's High School,33,55,34,5,44
2010620998,Mike,Cheonan Cheongsu High School,57,16,92,20,8
2010620999,Wendy,Cheonan Cheongsu High School,36,94,79,20,44
2010621000,Jamie,Cheonan High School,53,91,98,23,1
2010621001,Steven,Cheonan Girl's High School,2,20,30,20,13
2010621002,Wendy,Cheonan Ssangyong High School,82,47,60,7,42
2010621003,Wendy,Cheonan Ssangyong High School,59,46,21,41,45
2010621004,Wendy,Cheonan Girl's High School,44,79,58,30,24
2010621005,Stephen,Cheonan High School,76,62,60,46,4
2010621006,Fernando,Cheonan Cheongsu High School,41,90,53,12,42
2010621007,Wendy,Cheonan Cheongsu High School,78,35,64,13,23
2010621008,Steven,Cheonan Cheongsu High School,90,4,99,44,6
2010621009,Jamie,Cheonan Girl's High School,36,8,76,21,41
2010621010,Steven,Cheonan Cheongsu High School,73,10,24,28,9
2010621011,Steven,Cheonan Girl's High School,99,14,75,44,12
2010621012,Wendy,Cheonan High School,96,76,5,38,26
2010621013,Wendy,Cheonan Girl's High School,46,1,34,17,42
2010621014,Steven,Cheonan High School,51,38,80,4,17
2010621015,Stephen,Cheonan Girl's High School,11,25,74,23,46
2010621016,Steven,Cheonan Cheongsu High School,27,35,54,5,35
2010621017,Steven,Cheonan Cheongsu High School,84,80,81,21,18
2010621018,Fernando,Cheonan High School,82,1,13,40,32
2010621019,Jamie,Cheonan Girl's High School,26,70,75,20,16
2010621020,Stephen,Cheonan High School,95,65,73,29,14
2010621021,Mike,Cheonan Ssangyong High School,15,6,45,28,17
2010621022,Wendy,Cheonan Ssangyong High School,40,30,4,0,47
2010621023,Steven,Cheonan Girl's High School,94,12,10,22,8
2010621024,Wendy,Cheonan High School,11,14,18,3,2
2010621025,Steven,Cheonan Ssangyong High School,88,31,71,2,40
2010621026,Steven,Cheonan Girl's High School,2,93,97,1,21
2010621027,Jamie,Cheonan Cheongsu High School,2,93,86,13,43
2010621028,Iris,Cheonan Cheongsu High School,71,28,80,2,47
2010621029,Wendy,Cheonan Ssangyong High School,21,36,7,36,31
2010621030,Stephen,Cheonan High School,51,61,61,6,27
2010621031,Wendy,Cheonan Cheongsu High School,77,11,93,11,48
2010621032,Fernando,Cheonan Girl's High School,74,37,71,38,11
2010621033,Fernando,Cheonan High School,4,35,78,41,17
2010621034,Mike,Cheonan Cheongsu High School,93,74,100,27,22
2010621035,Fernando,Cheonan Girl's High School,93,20,25,5,24
2010621036,Stephen,Cheonan High School,98,5,73,13,11
2010621037,Iris,Cheonan Girl's High School,58,78,83,23,7
2010621038,Wendy,Cheonan Cheongsu High School,48,81,55,7,43
2010621039,Stephen,Cheonan Ssangyong High School,12,99,66,34,11
2010621040,Jamie,Cheonan Ssangyong High School,6,93,84,9,19
2010621041,Iris,Cheonan Cheongsu High School,75,85,55,29,19
2010621042,Stephen,Cheonan Girl's High School,48,25,64,11,44
2010621043,Stephen,Cheonan Cheongsu High School,6,41,94,35,26
2010621044,Mike,Cheonan Girl's High School,79,35,100,26,32
2010621045,Stephen,Cheonan High School,21,23,68,0,25
2010621046,Iris,Cheonan Girl's High School,98,48,4,40,14
2010621047,Fernando,Cheonan Ssangyong High School,18,20,8,35,34
2010621048,Steven,Cheonan Cheongsu High School,60,25,43,29,22
2010621049,Jamie,Cheonan Girl's High School,25,70,34,28,16
2010621050,Wendy,Cheonan Cheongsu High School,63,97,80,45,20
2010621051,Wendy,Cheonan Girl's High School,28,96,40,8,17
2010621052,Wendy,Cheonan Ssangyong High School,46,35,0,23,19
2010621053,Steven,Cheonan Ssangyong High School,40,28,17,6,46
2010621054,Jamie,Cheonan High School,97,3,79,27,15
2010621055,Mike,Cheonan Ssangyong High School,39,58,53,25,49
2010621056,Stephen,Cheonan Ssangyong High School,72,71,78,33,29
2010621057,Wendy,Cheonan Cheongsu High School,62,83,47,42,14
2010621058,Mike,Cheonan High School,94,72,21,19,39
2010621059,Fernando,Cheonan Girl's High School,9,20,62,36,14
2010621060,Stephen,Cheonan Girl's High School,77,8,99,13,50
2010621061,Fernando,Cheonan Girl's High School,30,15,9,49,3
2010621062,Steven,Cheonan High School,24,3,92,16,38
2010621063,Mike,Cheonan High School,8,44,62,39,17
2010621064,Steven,Cheonan Ssangyong High School,100,3,46,7,21
2010621065,Fernando,Cheonan Girl's High School,73,27,61,23,32
2010621066,Mike,Cheonan Ssangyong High School,11,44,46,50,25
2010621067,Fernando,Cheonan Cheongsu High School,16,7,35,39,40
2010621068,Iris,Cheonan Cheongsu High School,38,37,4,1,35
2010621069,Iris,Cheonan Ssangyong High School,79,79,71,49,20
2010621070,Steven,Cheonan Cheongsu High School,38,4,10,15,39
2010621071,Mike,Cheonan Ssangyong High School,35,99,54,49,43
2010621072,Stephen,Cheonan High School,7,91,66,45,21
2010621073,Iris,Cheonan Ssangyong High School,57,44,7,36,33
2010621074,Stephen,Cheonan Girl's High School,42,90,7,49,35
2010621075,Wendy,Cheonan Ssangyong High School,62,10,71,34,50
2010621076,Steven,Cheonan Girl's High School,48,44,46,13,12
2010621077,Iris,Cheonan Girl's High School,4,90,20,18,3
2010621078,Stephen,Cheonan Cheongsu High School,98,59,61,2,27
2010621079,Mike,Cheonan Ssangyong High School,67,75,66,23,41
2010621080,Mike,Cheonan High School,33,79,63,25,5
2010621081,Iris,Cheonan Ssangyong High School,94,31,31,9,30
2010621082,Wendy,Cheonan Ssangyong High School,41,8,38,11,47
2010621083,Mike,Cheonan Girl's High School,85,33,46,42,13
2010621084,Stephen,Cheonan Cheongsu High School,94,16,86,32,31
2010621085,Mike,Cheonan Cheongsu High School,55,77,93,40,6
2010621086,Iris,Cheonan Cheongsu High School,89,35,80,32,50
2010621087,Wendy,Cheonan Cheongsu High School,92,32,93,8,13
2010621088,Wendy,Cheonan Girl's High School,69,94,93,26,21
2010621089,Stephen,Cheonan High School,19,42,9,15,12
2010621090,Mike,Cheonan Cheongsu High School,57,39,46,23,42
2010621091,Fernando,Cheonan High School,78,4,42,13,21
2010621092,Jamie,Cheonan Ssangyong High School,56,39,43,50,48
2010621093,Fernando,Cheonan High School,88,17,92,0,25
2010621094,Mike,Cheonan Cheongsu High School,93,31,9,19,31
2010621095,Stephen,Cheonan High School,75,42,15,29,20
2010621096,Stephen,Cheonan Cheongsu High School,5,83,25,42,20
2010621097,Steven,Cheonan High School,85,69,40,40,44
2010621098,Iris,Cheonan Cheongsu High School,93,83,71,11,4
2010621099,Wendy,Cheonan High School,83,13,59,4,19
2010621100,Stephen,Cheonan High School,30,11,31,44,6
